"用例编号","用例标题","所属模块","相关需求","前置条件","步骤","预期结果","优先级","用例类型"
"168618","验证分析经营目标详情","指标开发-经营目标管理","经营目标管理：支持定义目标/目标策略/子目标/子目标策略","1、当前登录账号有「经营管理」-「经营目标管理」的全部权限；
2、当前项目对接的计算组件为sr；
3、当前项目下已创建经营目标：${target}，该目标已被已发布状态「经营分析」记录绑定。","1. 进入经营管理-经营目标管理页面，选择该经营目标：${target}，点击分析按钮
2. 查看分析来源
3. 查看分析日期
4. 查看分析来源设置的分析维度
5. 查看交叉分析
6. 点击分析
7. 查看经营过程事件归因
8. 查看目标名称
9. 切换到经营过程关联归因
10. 对应分析日期没做任务计算","1. 进入经营目标管理>经营目标分析页面
2. 选项范围：经营分析中设置的分析目标包含当前目标的已发布的分析记录
默认取最新更新的经营分析
3. 日期选择，默认昨日
4. 值域：分析来源设置的分析维度
且 目标衡量指标、子目标衡量指标、子目标策略的经营过程追踪指标均包含当前维度
选项名称：分析依据设置的维度属性名称
选项设置：单选，非必选，默认为空，支持清空
- 清空：取所有用户数据统计贡献情况；
- 选某个维值：取衡量指标限制在维值范围内的数据统计贡献情况，经营过程追踪指标取维值查询结果
5. 多选，非必选，默认为空
枚举值：当前目标的其他子目标
基于分析来源选择的经营分析主体取
交叉分析中选择的子目标的衡量指标覆盖的经营分析主体作为限定条件，计算下面的策略归因数据
6. 执行各节点贡献率计算，包括经营过程事件归因和经营过程关联归因，默认选中经营过程事件归因
（原始的每个用户（经营分析主体）的归因数据不做计算，只针对每个用户的贡献度计算结果做用户筛选后做数据求和，形成整体的贡献结果）
未设置交叉分析时，日期、机构的切换，可直接从结果表查数据做展示；设置了交叉分析后，需要即时计算贡献结果
7. 展示目标名称、目标策略、子目标名称、子目标策略，基于选中的子目标策略显示经营过程追踪（取数模板）的查询结果（查询日期替换未顶部选择的分析日期；若选择了某个维值，则筛选条件追加维值条件查询），查询不出结果的，显示暂无数据，不要报错
8. 信息包括：衡量指标展示名称（为空时展示指标名称），当前值
计划于yyyy-mm-dd实现目标：xx元 完成度
取当期目标中结束时间最早的目标进行数据展示
未设置目标的，不显示目标完成情况
9. 展示：目标名称、目标策略、子目标名称、活动对目标影响、活动对目标策略影响、活动对子目标影响
10. 文案展示：暂无贡献率计算结果","1","功能测试"
"168617","验证指标数据权限处理","指标开发-经营目标管理","经营目标管理：支持定义目标/目标策略/子目标/子目标策略","无","1. 进入经营管理-经营目标管理页面
2. 当前登录账号有目标衡量指标查看权限
3. 当前登录账号没有目标衡量指标查看权限
4. 当前登录账号对目标衡量指标设置有行级权限
5. 当前登录账号有子目标衡量指标查看权限
6. 当前登录账号没有子目标衡量指标查看权限
7. 当前登录账号对子目标衡量指标设置有行级权限
8. 查看经营目标的计算逻辑","1. 成功进入经营管理-经营目标管理页面，页面内容正常加载显示，无报错
2. 可查看当前分析的分析结果
3. 显示暂无当前目标查看权限
4. 根据设置的行级权限查找覆盖经营分析主体的范围后对范围内数据做贡献率的汇总计算
5. 可查看当前子目标及其下游所有数据
6. 显示暂无当前目标查看权限，无下游数据显示
7. 根据设置的行级权限查找覆盖经营分析主体的范围后对范围内数据做贡献率的汇总计算
8. 基于计算结果做查询，用户级的贡献率计算不能在此时现计算","2","功能测试"
"168616","验证交叉分析功能","指标开发-经营目标管理","经营目标管理：支持定义目标/目标策略/子目标/子目标策略","无","1. 进入经营管理-经营目标管理页面，选择该经营目标：${target}，点击分析按钮
2. 选择分析来源（分析来源中设置的经营分析主体为【用户ID】），分析日期、分析维度-设置维值、交叉分析选择子目标2（主被扫入口点击用户规模）、子目标3（还款入口点击的用户规模），点击分析","1. 进入经营目标管理>经营目标分析页面
2. 计算结果取子目标2、3衡量指标中的用户ID维度值的交集作为限定条件，计算当前目标的策略贡献结果","1","功能测试"
"168615","验证经营过程事件归因","指标开发-经营目标管理","经营目标管理：支持定义目标/目标策略/子目标/子目标策略","无","1. 进入经营管理-经营目标管理页面，选择该经营目标：${target}，点击分析按钮
2. 选择分析来源、分析日期，点击分析，查看经营过程事件归因
3. 查看目标策略贡献
4. 查看子目标贡献
5. 查看子目标策略贡献
6. 查看经营过程贡献
7. 查看经营过程追踪指标","1. 进入经营目标管理>经营目标分析页面
2. 包括：目标策略贡献、子目标贡献、子目标策略贡献、经营过程贡献（分析）、经营过程追中指标
3. 基于选中的目标依次显示各目标策略的贡献率及无效投入资源量 + 自然流量贡献率（分组内按贡献率降序排序）
4. 基于选中的目标策略显示各子目标的贡献率及无效投入资源量（分组内按贡献率降序排序）
5. 基于选中的子目标依次显示各目标策略的贡献率+自然流量贡献率（分组内按贡献率降序排序）
6. 基于选中的子目标策略显示各经营过程（活动）的贡献率+自然流量贡献率内容，整体按贡献率降序排序
7. 基于选中的子目标策略显示经营过程追踪（取数模版）的查询结果（查询日期替换为顶部选择的分析日期；若选择了某个维值，则筛选条件追加维值条件查询）","1","功能测试"
"168614","验证经营过程关联归因","指标开发-经营目标管理","经营目标管理：支持定义目标/目标策略/子目标/子目标策略","无","1. 进入经营管理-经营目标管理页面，选择该经营目标：${target}，点击分析按钮
2. 选择分析来源、分析日期，点击分析，查看经营过程关联归因
3. 查看目标策略贡献
4. 查看子目标贡献
5. 查看经营过程贡献","1. 进入经营目标管理>经营目标分析页面
2. 包括：目标策略贡献、子目标贡献、经营过程贡献（分析）
3. 基于选中的目标依次显示各目标策略的贡献率及无效投入资源量 + 自然流量贡献率（分组内按贡献率降序排序）
4. 基于选中的目标策略显示各子目标的贡献率及无效投入资源量（分组内按贡献率降序排序）
5. 基于选中的子目标策略显示各经营过程（活动）对目标/目标策略/子目标的及无效投入资源量+自然流量贡献率内容，整体按贡献率降序排序","1","功能测试"
"167983","验证经营目标管理列表显示&交互正确","指标开发-经营目标管理","经营目标管理：支持定义目标/目标策略/子目标/子目标策略","1、当前登录账号有经营目标管理模块的查看权限；
2、当前项目对接的计算组件为sr","1. 进入经营管理-经营目标管理页面
2. 登录指标平台，进入具体项目下，切换到经营策略 菜单，查看左侧模块列表
3. 切换到【经营目标管理】菜单，查看页面
4. 查看经营目标分类模块
5. 查看经营目标搜索栏
6. 查看日期选择器","1. 成功进入经营管理-经营目标管理页面，页面内容正常加载显示，无报错
2. 展示经营目标管理
3. 页面进入正常，左侧展示经营目标分类，搜索栏、日期选择器，新增目标按钮，展示经营目标列表，列表默认展示：暂无数据；
列表字段包括经营目标名称、目标值、当前值、目标完成率、描述、经营目标分类、负责用户组、负责人、最近更新人、最近更新时间、操作
列表按照最近更新时间降序排列
4. 支持新增，placeholder提示：请输入关键词
支持根据经营目标分类名称模糊搜索
5. placeholder提示：请输入经营目标名称进行搜索
支持根据经营目标名称模糊搜索，位于非首页搜索时结果正确展示。
6. 单选，默认昨日","2","功能测试"
"167982","验证新增经营目标分类","指标开发-经营目标管理","经营目标管理：支持定义目标/目标策略/子目标/子目标策略","1、当前登录账号有「经营管理」-「经营目标管理」的「查看」权限；
2、当前登录账号有「经营管理」-「经营目标管理」-「经营目标分类」-「新增」权限；
3、当前项目对接的计算组件为sr。","1. 进入经营管理-经营目标管理页面
2. 点击“+”按钮
3. 输入内容回车
4. 点击名称后的“...”
5. 长度超过64字符
6. 输入已存在的分类名称","1. 页面进入成功，系统给出成功反馈，相关页面/数据状态更新为最新
2. 直接下方列表顶部新增输入
3. 自动保存
4. 展示编辑、删除按钮
5. 前端提示：限制输入64字符
6. 前端提示：名称重复","2","功能测试"
"167981","验证编辑经营目标分类","指标开发-经营目标管理","经营目标管理：支持定义目标/目标策略/子目标/子目标策略","1、当前登录账号有「经营管理」-「经营目标管理」的「查看」权限；
2、当前登录账号有「经营管理」-「经营目标管理」-「经营目标分类」-「编辑」权限；
3、当前项目对接的计算组件为sr；
4、已存在经营目标分类：${目标分类1}","1. 进入经营管理-经营目标管理页面
2. 选择${目标分类1}，点击“编辑”按钮
3. 输入内容回车
4. 长度超过64字符
5. 输入已存在的分类名称","1. 页面进入成功，系统给出成功反馈，相关页面/数据状态更新为最新
2. 信息回显正确，内容与预期完全一致，无异常或错误
3. 自动保存，编辑成功，右侧经营目标列表中引用该经营目标分类的信息一并调整
4. 前端提示：限制输入64字符
5. 前端提示：名称重复","1","功能测试"
"167980","验证经营目标分类 搜索功能","指标开发-经营目标管理","经营目标管理：支持定义目标/目标策略/子目标/子目标策略","无","1. 进入经营管理-经营目标管理页面
2. 点击经营目标分类搜索框，输入分类名称","1. 页面进入成功，系统给出成功反馈，相关页面/数据状态更新为最新
2. 支持模糊搜索，匹配正确的结果","3","功能测试"
"167979","验证经营目标分类 删除功能","指标开发-经营目标管理","经营目标管理：支持定义目标/目标策略/子目标/子目标策略","1、当前登录账号有「经营管理」-「经营目标管理」的「查看」权限；
2、当前登录账号有「经营管理」-「经营目标管理」-「经营目标分类」-「删除」权限；
3、当前项目对接的计算组件为sr；
4、已存在经营目标分类：${目标分类1}，存在经营目标引用改经营目标分类；
${目标分类2}，未被经营目标引用。","1. 进入经营管理-经营目标管理页面
2. 选择${目标分类1}，点击删除
3. 选择${目标分类2}，点击删除
4. 删除引用${目标分类1}目标分类的经营目标，再次选择${目标分类1}，点击删除","1. 页面进入成功，系统给出成功反馈，相关页面/数据状态更新为最新
2. 提示：当前目录下有经营目标被管理，当前目录暂不可删除
3. 系统提示删除成功，该条记录从列表中消失，总记录数减1
4. 系统提示删除成功，该条记录从列表中消失，总记录数减1","2","功能测试"
"167978","验证经营目标分类收起/展开功能","指标开发-经营目标管理","经营目标管理：支持定义目标/目标策略/子目标/子目标策略","无","1. 进入经营管理-经营目标管理页面
2. 点击“收起”图标
3. 点击“展开”图标","1. 页面进入成功，系统给出成功反馈，相关页面/数据状态更新为最新
2. 经营目标分类页面收起
3. 经营目标分类页面展开","2","功能测试"
"167977","验证根据经营目标搜索列表","指标开发-经营目标管理","经营目标管理：支持定义目标/目标策略/子目标/子目标策略","1、当前登录账号有「经营管理」-「经营目标管理」的「查看」权限；
2、当前项目对接的计算组件为sr。","1. 进入经营管理-经营目标管理页面
2. 输入已存在的经营目标名称，点击搜索
3. 输入不存在的经营目标名称【！@#¥%】，点击搜索
4. 不输入内容，点击搜索","1. 页面进入成功，系统给出成功反馈，相关页面/数据状态更新为最新
2. 查询结果正确，内容与预期完全一致，无异常或错误
3. 返回暂无数据缺省页
4. 默认返回所有的经营目标列表","3","功能测试"
"167976","验证日期基准选择功能","指标开发-经营目标管理","经营目标管理：支持定义目标/目标策略/子目标/子目标策略","1、当前登录账号有「经营管理」-「经营目标管理」的「查看」权限；
2、当前项目对接的计算组件为sr。","1. 进入经营管理-经营目标管理页面
2. 选择基准日期","1. 页面进入成功，系统给出成功反馈，相关页面/数据状态更新为最新
2. 经营目标列表中的目标值、当前值、目标完成率数据更新正确（目标、子目标有相应数据，其余无）","2","功能测试"
"167975","验证分析未被已发布状态的经营分析经营目标","指标开发-经营目标管理","经营目标管理：支持定义目标/目标策略/子目标/子目标策略","1、当前登录账号有「经营管理」-「经营目标管理」的「查看」权限；
2、当前项目对接的计算组件为sr；
3、当前项目下存在经营目标：${target1}	，未被已发布状态的经营分析引用。","1. 进入经营管理-经营目标管理页面，选择该经营目标${target1}	，点击分析
2. 查看分析来源
3. 点击分析","1. 进入经营目标>$经营目标名称$>经营目标分析页面
2. 选项范围：经营分析中设置的分析目标包含当前目标的已发布的分析记录
默认取最新更新的经营分析
列表为空
3. 页面提示：请选择分析来源，空数据","2","功能测试"
"167974","验证新增经营目标页面交互正确","指标开发-经营目标管理","经营目标管理：支持定义目标/目标策略/子目标/子目标策略","1、当前登录账号有「经营管理」-「经营目标管理」的「查看」权限；
2、当前登录账号有「经营管理」-「经营目标管理」-「新增目标」权限；
3、当前项目对接的计算组件为sr。","1. 进入经营管理-经营目标管理页面，点击新增经营目标
2. 查看页面展示
3. 经营目标名称为空
4. 经营目标名称长度超过64个字符
5. 输入项目内已存在的经营目标名称
6. 经营目标分类为空
7. 查看经营目标分类值域
8. 衡量指标为空
9. 查看衡量指标值域
10. 点击选择维值，查看维度目录
11. 编辑该指标对应的维度属性适用范围（全局-->仅开发层），查看维度目录
12. 衡量指标展示名称输入长度超过64字符
13. 查看负责人
14. 查看用户组","1. 进入新增经营目标页面，面包屑：经营目标管理>新增经营目标
2. 包括：经营目标名称(必填)、经营目标分类（必填）、经营目标描述（选填）、衡量指标（必填）、限定条件（支持选择维值，选填）、数据统计方式（默认当日指标值）、衡量指标展示名称、目标值（支持设置、刷新）、负责人（必填）、负责用户组（选填）、确定、取消按钮
3. placeholder文案：请输经营目标名称
前端提示：请输入经营目标名称
4. 前端提示：限制输入64字符
5. 前端提示：经营目标名称重复
6. placeholder文案：请选择经营目标分类
前端提示：请选择经营目标分类
7. 枚举值：经营目标分类列表，单选
8. placeholder文案：请选择指标
前端提示：请选择指标
9. 已发布的派生、复合、自定义指标；按目录展示，支持模糊搜索选择
10. 展示当前指标下全局生效的维度
11. 维度目录信息更新正确，内容与预期完全一致，无异常或错误
12. 前端提示：限制输入64字符
13. 默认填充：创建人
14. 默认填充负责人所在用户组","2","功能测试"
"167973","验证衡量指标目标值信息展示","指标开发-经营目标管理","经营目标管理：支持定义目标/目标策略/子目标/子目标策略","1、当前登录账号有「经营管理」-「经营目标管理」的「查看」权限；
2、当前登录账号有「经营管理」-「经营目标管理」-「新增目标」权限；
3、当前登录账号有「目标管理」-「新增」权限，没有「编辑」权限；
4、当前项目对接的计算组件为sr；
5、当前项目下存在已发布的指标：${index_01}（非原子指标）；
6、${index_01} 未设置目标管理信息。","1. 进入经营管理-经营目标管理页面，点击新增经营目标
2. 选择衡量指标：${index_01}，限定条件为空，查看目标值信息
3. 点击设置按钮
4. 添加总目标后，返回当前页面点击刷新按钮
5. 限定条件中，选择维值：维度属性${attr}=xxx，刷新目标值
6. 编辑该账号对应的角色权限，赋予【目标管理】-【编辑】权限，再次进入新增经营目标页面，选择该指标，添加限定条件，选择维值：维度属性${attr}=xxx
7. 点击设置按钮
8. 编辑目标，维度拆解目标，选择维值：维度属性${attr}=xxx，保存后，刷新目标值","1. 进入新增经营目标页面
2. 页面提示：当前指标暂未设置当期目标，无法预览目标值
展示：+设置 按钮
3. 以新窗口跳转至指标应用-目标管理-指标目标定义页面进行指标目标定义（指标默认填充当前选择的衡量指标）
4. 以当前时间为基准，基于配置的指标查找完成时间最早的目标值做预览，预览文案：计划于$完成时间$实现目标：$目标值$$指标单位$
目标值展示格式：千位分隔，数据信息展示正确，内容与预期完全一致，无异常或错误
5. 页面提示：当前维值内，当前指标暂未设置当期目标，无法预览目标值。
不展示【设置】按钮
6. 页面展示【设置】按钮
7. 以新窗口跳转至指标应用-目标管理-指标目标定义页面进行指标目标定义（等同于当前指标的目标编辑，展示总目标）
8. 页面：基于配置的指标+限定条件查找完成时间最早的目标值做预览，预览文案：计划于$完成时间$实现目标：$目标值$$指标单位$
目标值展示格式：千位分隔，数据信息展示正确，内容与预期完全一致，无异常或错误","1","功能测试"
"167972","验证新增经营目标-创建另一目标功能","指标开发-经营目标管理","经营目标管理：支持定义目标/目标策略/子目标/子目标策略","1、当前登录账号有「经营管理」-「经营目标管理」的全部权限；
2、当前项目对接的计算组件为sr；
3、当前项目下存在经营目标分类：${cat01}；
4、当前项目下存在已发布的指标：${index_01}（非原子指标），未设置目标值；
5、当前项目下存在用户：user_01，所属用户组：group_01","1. 进入经营管理-经营目标管理页面，点击新增经营目标
2. 输入经营目标名称：${target_name}，选择经营目标分类：${cat01}，选择衡量指标：${index_01}，输入衡量指标展示名称：${index_01_衡量指标展示名称}，负责人选择：user_01，负责用户组自动填充：group_01，点击确定
3. 点击“创建另一目标”
4. 输入经营目标名称：${target_name}，选择经营目标分类：${cat01}，选择衡量指标：${index_01}，添加限定条件，输入衡量指标展示名称：${index_01_衡量指标展示名称}，负责人选择：user_01，负责用户组自动填充：group_01，点击确定
5. 点击“创建另一目标”，进入新增经营目标初始化页面后，点击取消按钮","1. 进入新增经营目标页面
2. 页面展示：✅经营目标-->经营目标策略-->经营子目标-->经营子目标策略
提示：已成功创建经营目标，接下来你可以：
继续创建目标策略
创建另一目标
返回目标列表查看
3. 进入新增经营目标初始化页面
4. 页面展示：✅经营目标-->经营目标策略-->经营子目标-->经营子目标策略
提示：已成功创建经营目标，接下来你可以：
继续创建目标策略
创建另一目标
返回目标列表查看
5. 跳转到经营目标列表页面，统计数+2，目标值展示：--，目标完成率展示：--，基于昨日统计当前值，负责用户组展示：group_01，负责人展示：user_01，最近更新人展示：当前登录账号，操作栏展示：新增目标策略、分析、编辑、删除","1","功能测试"
"167971","验证新增经营目标-返回目标列表查看功能","指标开发-经营目标管理","经营目标管理：支持定义目标/目标策略/子目标/子目标策略","1、当前登录账号有「经营管理」-「经营目标管理」的全部权限；
2、当前项目对接的计算组件为sr；
3、当前项目下存在经营目标分类：${cat01}；
4、当前项目下存在已发布的指标：${index_01}（非原子指标），未设置目标值；
5、当前项目下存在用户：user_01，所属用户组：group_01","1. 进入经营管理-经营目标管理页面，点击新增经营目标
2. 输入经营目标名称：${target_name}，选择经营目标分类：${cat01}，选择衡量指标：${index_01}，输入衡量指标展示名称：${index_01_衡量指标展示名称}，负责人选择：user_01，负责用户组自动填充：group_01，点击确定
3. 点击“继续创建目标策略”
4. 点击新增经营目标策略的取消按钮","1. 进入新增经营目标页面
2. 页面提示：已成功创建经营目标，接下来你可以：
继续创建目标策略
创建另一目标
返回目标列表查看
3. 进入新增经营目标策略页面，经营目标名称自动带入：${target_name}，不支持编辑
4. 跳转到经营目标列表页面，统计数+1，目标值展示：--，目标完成率展示：--，基于昨日统计当前值，负责用户组展示：group_01，负责人展示：user_01，最近更新人展示：当前登录账号，操作栏展示：新增目标策略、分析、编辑、删除","1","功能测试"
"167970","验证下线被目标（子目标）引用的指标","指标开发-经营目标管理","经营目标管理：支持定义目标/目标策略/子目标/子目标策略","无","1. 进入经营管理-经营目标管理页面
2. 不支持下线，文案提示：？？","1. 成功进入经营管理-经营目标管理页面，页面内容正常加载显示，无报错
2. ","2","功能测试"
"167969","验证编辑经营目标功能","指标开发-经营目标管理","经营目标管理：支持定义目标/目标策略/子目标/子目标策略","1、当前登录账号有「经营管理」-「经营目标管理」的全部权限；
2、当前登录账号有「目标管理」-「新增」权限，没有「编辑」权限；
3、当前项目对接的计算组件为sr；
4、创建经营目标：${target}-目标策略：${name}-子目标：${sub_target}-子目标策略：${sub_name}，该经营目标被经营分析记录引用","1. 进入经营管理-经营目标管理页面，选中某个经营目标，点击编辑
2. 修改经营目标名称：${name_new}，修改经营目标分类，点击确定
3. 进入该经营目标-目标策略编辑页面
4. 进入该经营目标-目标策略-子目标编辑页面
5. 进入该经营目标-目标策略-子目标-子目标策略编辑页面","1. 进入编辑经营目标页面，面包屑展示：经营目标管理>编辑经营目标
2. 编辑经营目标成功，系统给出成功反馈，相关页面/数据状态更新为最新
3. 经营目标名称展示修改后的信息：${name_new}
4. 经营目标名称展示修改后的信息：${name_new}
5. 经营目标名称展示修改后的信息：${name_new}","1","功能测试"
"167968","验证删除未被经营分析记录引用的经营目标","指标开发-经营目标管理","经营目标管理：支持定义目标/目标策略/子目标/子目标策略","1、当前登录账号有「经营管理」-「经营目标管理」的全部权限；
2、当前项目对接的计算组件为sr。","1. 进入经营管理-经营目标管理页面，选中某个未被经营分析记录绑定的经营目标，点击删除
2. 点击删除","1. 二次弹窗确认：确认删除目标“$经营目标名称$”吗？
删除后，该目标下所有配置管理信息将同步删除，该操作不可恢复，请谨慎操作！
2. 经营目标删除成功，列表统计数-1","2","功能测试"
"167967","验证删除被经营分析记录引用的经营目标","指标开发-经营目标管理","经营目标管理：支持定义目标/目标策略/子目标/子目标策略","1、当前登录账号有「经营管理」-「经营目标管理」的全部权限；
2、当前项目对接的计算组件为sr；
3、创建经营目标：${target}-目标策略：${name}-子目标：${sub_target}-子目标策略：${sub_name}，该经营目标被经营分析记录引用。","1. 进入经营管理-经营目标管理页面，选中某个被经营分析记录绑定的经营目标，点击删除
2. 删除引用该经营目标的经营分析记录，再次查看该经营目标
3. 点击删除按钮","1. 删除按钮置灰
2. 支持删除
3. 经营目标删除成功，列表统计数-1","1","功能测试"
"167966","验证删除被经营过程引用的经营目标","指标开发-经营目标管理","经营目标管理：支持定义目标/目标策略/子目标/子目标策略","1、当前登录账号有「经营管理」-「经营目标管理」的全部权限；
2、当前项目对接的计算组件为sr；
3、创建经营目标：${target}-目标策略：${name}-子目标：${sub_target}-子目标策略：${sub_name}，该经营目标：${target}被经营过程引用。","1. 进入经营管理-经营目标管理页面，选中某个被经营过程绑定的经营目标，点击删除
2. 点击删除按钮
3. 查看经营过程-经营目标影响范围信息","1. 支持删除
2. 经营目标删除成功，列表统计数-1
3. 展示删除的经营目标id，编辑页面提示异常","2","功能测试"
"167965","验证新增目标策略-创建子目标功能","指标开发-经营目标管理","经营目标管理：支持定义目标/目标策略/子目标/子目标策略","1、当前登录账号有「经营管理」-「经营目标管理」的全部权限；
2、当前项目对接的计算组件为sr；
3、当前项目下已创建经营目标：${target}，该目标未被「经营分析」记录绑定；
4、当前项目下存在用户：user_01，所属用户组：group_01；
5、当前项目下存在已发布的指标：${index_01}（非原子指标），未设置目标值；","1. 进入经营管理-经营目标管理页面，选择经营目标：${target}，点击操作栏的新增目标策略
2. 输入目标策略名称：${name}，负责人选择：user_01，负责用户组自动带入：group_01，点击确定
3. 点击继续创建子目标
4. 输入经营子目标名称：${sub_target}，选择衡量指标：${index_01}，输入衡量指标展示名称：${index_01_衡量指标展示名称}，负责人选择：user_01，负责用户组自动填充：group_01，点击确定
5. 点击创建另一子目标按钮
6. 点击取消按钮","1. 进入新增经营目标策略页面，面包屑展示：经营目标管理>新增经营目标策略
经营目标名称自动回显${target}，不支持编辑
字段包括：经营目标名称（必填），目标策略名称（必填），目标策略描述（选填），负责人（必填，默认填充：创建人），负责用户组（选填）
2. 页面展示：✅经营目标-->✅经营目标策略-->经营子目标-->经营子目标策略
提示：已成功创建经营目标策略，接下来你可以：
继续创建子目标
创建另一经营目标策略
返回目标列表查看
3. 进入新增经营子目标页面，面包屑展示：经营目标管理>新增经营子目标
经营目标名称回显：${target}，不支持编辑；目标策略名称回显：${name}，不支持编辑；数据统计方式默认：当日指标值，负责人默认填充：创建人（即当前登录账号）
4. 页面展示：✅经营目标-->✅经营目标策略-->✅经营子目标-->经营子目标策略
提示：已成功创建经营子目标，接下来你可以：
继续创建子目标策略
创建另一子目标
返回目标列表查看
5. 进入新增经营子目标初始化页面，上次新增的信息不保留
6. 跳转到经营目标列表页面，该经营目标${target}下展示目标策略：${name}，目标值、当前值、目标完成率、经营目标分类展示：--，负责用户组展示：group_01，负责人展示：user_01，最近更新人展示：当前登录账号，操作栏展示：新增子目标、编辑、删除
该经营目标${target}-目标策略${name}下展示子目标信息，子目标名称：${sub_target}，目标值、目标完成率展示 -- ，基于昨日统计当前值，经营目标分类展示：--，负责用户组展示：group_01，负责人展示：user_01，最近更新人展示：当前登录账号，操作栏展示：设置子目标策略、编辑、删除","1","功能测试"
"167964","验证目标策略-新增子目标按钮展示","指标开发-经营目标管理","经营目标管理：支持定义目标/目标策略/子目标/子目标策略","1、当前登录账号有「经营管理」-「经营目标管理」的全部权限；
2、当前项目对接的计算组件为sr；
3、当前项目下已创建经营目标：${target1}-目标策略：${name1}，该目标未被「经营分析」记录绑定；
3、当前项目下已创建经营目标：${target2}-目标策略：${name2}，该目标被已发布状态「经营分析」记录绑定；
4、当前项目下存在用户：user_01，所属用户组：group_01；
5、当前项目下存在已发布的指标：${index_01}（非原子指标），未设置目标值；","1. 进入经营管理-经营目标管理页面，选择该经营目标：${target}-目标策略：${name}，查看操作栏按钮
2. 选择经营目标：${target2}-目标策略：${name2}，查看操作栏按钮
3. 下线绑定经营目标${target2}的经营分析，再次查看${target2}-目标策略：${name2}操作栏按钮","1. 【新增子目标】按钮可点击
2. 【新增子目标】按钮置灰，不可点击
3. 【新增子目标】按钮可点击","2","功能测试"
"167963","验证目标策略参数输入框UI交互","指标开发-经营目标管理","经营目标管理：支持定义目标/目标策略/子目标/子目标策略","无","1. 进入经营管理-经营目标管理页面，选择某个经营目标，点击新增目标策略
2. 目标策略名称为空
3. 目标策略名称长度超过64个字符
4. 输入项目内已存在的目标策略名称
5. 目标策略描述为空
6. 目标策略描述长度超过500个字符
7. 负责人为空
8. 负责用户组","1. 进入新增目标策略页面，面包屑：经营目标管理>新增经营目标策略
2. placeholder文案：请输入目标策略名称
提示：请输入目标策略名称
3. 前端提示：限制输入64字符
4. 前端提示：目标策略名称重复（是项目唯一？还是经营目标之间隔离）
5. placeholder文案：请输入目标策略描述，支持为空
6. 前端提示：限制输入500字符
7. 提示：请选择负责人
8. 默认填充负责人所在用户组，支持为空","3","功能测试"
"167962","验证编辑目标策略","指标开发-经营目标管理","经营目标管理：支持定义目标/目标策略/子目标/子目标策略","1、当前登录账号有「经营管理」-「经营目标管理」的全部权限；
2、当前项目对接的计算组件为sr；
3、创建经营目标：${target}-目标策略：${name}-子目标：${sub_target}-子目标策略：${sub_name}，该经营目标未被经营分析记录引用","1. 进入经营管理-经营目标管理页面，选中经营目标：${target}，点击其目标策略：${name}的编辑按钮
2. 修改目标策略名称：${new_name}，修改目标策略描述、负责人、负责用户组信息，点击确定
3. 选择该目标策略下的子目标${sub_target}，点击编辑按钮","1. 进入编辑目标策略弹窗页面，信息回显正确，经营目标名称置灰，不能编辑
2. 编辑目标策略成功，系统给出成功反馈，相关页面/数据状态更新为最新
3. 进入经营目标管理>编辑子目标页面，目标策略名称展示修改后的信息：${new_name}","1","功能测试"
"167961","验证删除未被经营分析记录引用的目标下的目标策略功能","指标开发-经营目标管理","经营目标管理：支持定义目标/目标策略/子目标/子目标策略","1、当前登录账号有「经营管理」-「经营目标管理」的全部权限；
2、当前项目对接的计算组件为sr；
3、创建经营目标：${target}-目标策略：${name}-子目标：${sub_target}-子目标策略：${sub_name}，该经营目标未被经营分析记录引用","1. 进入经营管理-经营目标管理页面，选中某个被经营分析记录绑定的经营目标：${target}，点击其目标策略：${name}的删除
2. 点击删除","1. 二次弹窗：确认删除目标策略“$经营目标策略名称$”吗？
删除后，该目标策略下所有配置管理信息将同步删除，该操作不可恢复，请谨慎操作！
2. 目标策略删除成功，子目标及子目标策略一并删除","2","功能测试"
"167960","验证删除被经营分析记录引用的目标下的目标策略功能","指标开发-经营目标管理","经营目标管理：支持定义目标/目标策略/子目标/子目标策略","1、当前登录账号有「经营管理」-「经营目标管理」的全部权限；
2、当前项目对接的计算组件为sr；
3、创建经营目标：${target}-目标策略：${name}-子目标：${sub_target}-子目标策略：${sub_name}，该经营目标被经营分析记录引用","1. 进入经营管理-经营目标管理页面，选中某个被经营分析记录绑定的经营目标，点击其目标策略：${name}的删除
2. 删除引用该经营目标的经营分析记录，再次查看该经营目标下目标策略：${name}
3. 点击删除按钮","1. 按钮置灰
2. 支持删除
3. 目标策略删除成功，子目标及子目标策略一并删除","1","功能测试"
"167959","验证子目标参数输入框UI交互","指标开发-经营目标管理","经营目标管理：支持定义目标/目标策略/子目标/子目标策略","1、当前登录账号有「经营管理」-「经营目标管理」的全部权限；
2、当前项目对接的计算组件为sr；
3、当前项目下已创建经营目标：${target1}-目标策略：${name1}，该经营目标未被「经营分析」记录绑定；","1. 进入经营管理-经营目标管理页面，选择经营目标：${target1}-目标策略：${name1}，点击新增子目标按钮
2. 经营子目标名称为空
3. 经营子目标名称长度超过64个字符
4. 输入项目内已存在的经营子目标名称
5. 经营子目标描述为空
6. 经营子目标描述长度超过500个字符
7. 衡量指标
8. 衡量指标为空
9. 衡量指标展示名称
10. 负责人
11. 负责人为空
12. 负责用户组","1. 列表范围：已发布的派生、复合、自定义指标；按目录展示，支持模糊搜索选择
2. placeholder文案：请输入经营子目标名称
3. 前端提示：限制输入64字符
4. 前端提示：经营子目标名称重复（项目唯一）
5. placeholder文案：请输入经营子目标描述，支持为空
6. 前端提示：限制输入500字符
7. 单选，必选，默认为空，支持模糊搜索
8. 前端提示：请选择指标
9. placeholder文档：请输入内容，支持为空
10. 默认填充创建人（即当前登录账号）
11. 提示：请选择负责人
12. 默认填充负责人所在用户组，支持为空","3","功能测试"
"167958","验证新增子目标功能","指标开发-经营目标管理","经营目标管理：支持定义目标/目标策略/子目标/子目标策略","1、当前登录账号有「经营管理」-「经营目标管理」的全部权限；
2、当前项目对接的计算组件为sr；
3、当前项目下已创建经营目标：${target1}-目标策略：${name1}，该经营目标未被「经营分析」记录绑定；
4、当前项目下存在用户：user_01，所属用户组：group_01；
5、当前项目下存在已发布的指标：${index_01}（非原子指标），存在维值：维度对象${obj}-维度属性${attr}-维值${xxx}，未设置目标。","1. 进入经营管理-经营目标管理页面，选择经营目标：${target1}-目标策略：${name1}，点击新增子目标按钮
2. 输入经营子目标名称：${sub_target}，选择衡量指标：${index_01}，选择限定条件：选择维值：维度对象${obj}-维度属性${attr}-维值${xxx}，点击目标值刷新按钮
3. 点击目标值新增按钮
4. 按维度拆解目标，选择维值：维度对象${obj}-维度属性${attr}-维值${xxx}，点击确定后，返回新增子目标列表页面，点击目标值刷新按钮
5. 负责人选择：user_01，所属用户组自动带入group_01，点击确定
6. 点击 继续创建子目标策略 按钮
7. 点击取消按钮","1. 进入新增子目标页面，面包屑：经营目标管理>新增子目标
经营目标名称回显：${target1}，不可编辑；目标策略名称回显：${name1}，不可编辑
2. 页面提示：当前维值内，当前指标暂未设置当期目标，无法预览目标值。
3. 以新窗口跳转至指标应用-目标管理-指标目标定义页面进行指标目标定义（等同于新增目标，指标默认填充当前选择的衡量指标）
4. 以当前时间为基准，基于配置的指标+限定条件查找完成时间最早的目标值做预览，文案展示：计划于$完成时间$实现目标：$目标值$$指标单位$
5. 页面展示：✅经营目标-->✅经营目标策略-->✅经营子目标-->经营子目标策略
提示：已成功创建经营子目标，接下来你可以：
继续创建子目标策略
创建另一子目标
返回目标列表查看
6. 进入面包屑：经营目标管理>新增经营子目标策略页面
经营目标名称回显：${target1}，不可编辑；目标策略名称回显：${name1}，不可编辑；经营子目标名称回显：$${sub_target1}，不可编辑
子目标策略设置（最多支持设置20个子目标策略） 默认为空，提示：请至少设置一个子目标策略，支持新增子目标策略
7. 返回经营目标列表页面，子目标列表信息展示正确：该经营目标${target}-目标策略${name}下展示子目标信息，子目标名称：${sub_target}，目标值展示正确 ，基于昨日统计当前值，目标完成率，经营目标分类展示：--，负责用户组展示：group_01，负责人展示：user_01，最近更新人展示：当前登录账号，操作栏展示：设置子目标策略、编辑、删除","1","功能测试"
"167957","验证新增子目标-子目标策略功能","指标开发-经营目标管理","经营目标管理：支持定义目标/目标策略/子目标/子目标策略","1、当前登录账号有「经营管理」-「经营目标管理」的全部权限；
2、当前项目对接的计算组件为sr；
3、当前项目下已创建经营目标：${target1}-目标策略：${name1}，该经营目标未被「经营分析」记录绑定；
4、当前项目下存在用户：user_01，所属用户组：group_01；
5、当前项目下存在已发布的指标：${index_01}（非原子指标），设置有当期总体目标；
6、当前项目下已创建经营策略分类：${strategy_class}；
7、当前项目下已存在自助取数-取数模版：${data_query}","1. 进入经营管理-经营目标管理页面，选择经营目标：${target1}-目标策略：${name1}，点击新增子目标按钮
2. 输入经营子目标名称：${sub_target}，选择衡量指标：${index_01}，限定条件为空，点击目标值刷新按钮
3. 负责人选择：user_01，所属用户组自动带入group_01，点击确定
4. 点击继续创建子目标策略
5. 子目标策略设置为空，点击确定
6. 点击新增子目标策略按钮
7. 选择新增策略，输入经营策略名称：${strategy_name}，经营策略分类：${strategy_class}，点击确认
8. 负责人选择：user_01，所属用户组自动带入group_01，选择经营过程追踪衡量指标来源模版：{data_query}，选择转化事件，经营过程归因方式，点击确定
9. 查看子目标策略信息","1. 进入新增子目标页面，面包屑：经营目标管理>新增子目标
经营目标名称回显：${target1}，不可编辑；目标策略名称回显：${name1}，不可编辑
2. 展示目标完成情况，预览文案：计划于$完成时间$实现目标：$目标值$$指标单位$（自定义指标没有指标单位）
3. 页面展示：✅经营目标-->✅经营目标策略-->✅经营子目标-->经营子目标策略
提示：已成功创建经营子目标，接下来你可以：
继续创建子目标策略
创建另一子目标
返回目标列表查看
4. 进入面包屑：经营目标管理>新增经营子目标策略页面
5. 提示：请至少设置一个子目标策略，新增失败
6. 支持导入策略（提示：从已有经营策略中导致，导入方式分为：按分类导入和直接导入）和新增策略
7. 追加到左侧tab栏，作为子目标下的子目标策略之一
展示策略基本信息定义（负责人、负责用户组、经营过程追踪衡量指标来源模板）和策略归因信息定义（转化事件-必选，转化事件限定条件-选填，经营过程归因方式-必填）
8. 新增经营子目标策略成功，返回经营目标列表页面
9. 名称展示实际为经营策略名称，目标值、当前值、目标完成率、经营目标分类展示：--，责用户组展示：group_01，负责人展示：user_01，最近更新人展示：当前登录账号，操作栏为空","1","功能测试"
"167956","验证子目标-编辑按钮操作","指标开发-经营目标管理","经营目标管理：支持定义目标/目标策略/子目标/子目标策略","1、当前登录账号有「经营管理」-「经营目标管理」的全部权限；
2、当前项目对接的计算组件为sr；
3、当前项目下已创建经营目标：${target1}-目标策略：${name1}-子目标：${sub_target1}，该经营目标未被「经营分析」记录绑定；
3、当前项目下已创建经营目标：${target2}-目标策略：${name2}-子目标：${sub_target2}，该经营目标被已发布状态「经营分析」记录绑定；
4、当前项目下存在用户：user_01，所属用户组：group_01；
5、当前项目下存在已发布的指标：${index_01}（非原子指标），未设置目标值；","1. 进入经营管理-经营目标管理页面，选择该经营目标${target1}-目标策略：${name1}-子目标：${sub_target1}，查看操作栏按钮
2. 选择经营目标：${target2}-目标策略：${name2}-子目标：${sub_target2}，查看操作栏按钮
3. 下线绑定经营目标${target2}的经营分析，再次查看${target2}-目标策略：${name2}-子目标：${sub_target2}操作栏按钮","1. 【编辑】按钮可点击
2. 【编辑】按钮置灰，不可点击
3. 【编辑】按钮可点击","2","功能测试"
"167955","验证编辑子目标功能","指标开发-经营目标管理","经营目标管理：支持定义目标/目标策略/子目标/子目标策略","1、当前登录账号有「经营管理」-「经营目标管理」的全部权限；
2、当前项目对接的计算组件为sr；
3、当前项目下已创建经营目标：${target1}-目标策略：${name1}-子目标：${sub_target1}，衡量目标选择：${index_01}，该经营目标未被「经营分析」记录绑定；
4、当前项目下存在用户：user_01，所属用户组：group_01；
5、当前项目下存在已发布的指标：${index_02}（非原子指标），已设置当期整体目标值。","1. 进入经营管理-经营目标管理页面，选择该经营目标${target1}-目标策略：${name1}-子目标：${sub_target1}，点击编辑按钮
2. 修改经营子目标名称：${sub_target_new}，经营目标描述信息，修改衡量指标：${index_02}
3. 修改负责人、负责用户组信息，点击确定
4. 查看引用该子目标的经营过程-经营目标影响范围","1. 进入经营过程管理>编辑经营子目标页面，经营目标名称、目标策略名称不可编辑
2. 预览目标值信息：基于配置的指标${index_02}查找完成时间最早的目标值做预览，预览文案：计划于$完成时间$实现目标：$目标值$$指标单位$
3. 编辑子目标成功，返回经营目标列表页面，子目标列表信息展示正确
4. 展示编辑后的经营子目标名称","1","功能测试"
"167954","验证子目标-新增子目标策略按钮操作","指标开发-经营目标管理","经营目标管理：支持定义目标/目标策略/子目标/子目标策略","1、当前登录账号有「经营管理」-「经营目标管理」的全部权限；
2、当前项目对接的计算组件为sr；
3、当前项目下已创建经营目标：${target1}-目标策略：${name1}-子目标：${sub_target1}，该经营目标未被「经营分析」记录绑定；
3、当前项目下已创建经营目标：${target2}-目标策略：${name2}-子目标：${sub_target2}，该经营目标被已发布状态「经营分析」记录绑定；
4、当前项目下存在用户：user_01，所属用户组：group_01；
5、当前项目下存在已发布的指标：${index_01}（非原子指标），未设置目标值；","1. 进入经营管理-经营目标管理页面，选择该经营目标${target1}-目标策略：${name1}-子目标：${sub_target1}，查看操作栏按钮
2. 选择经营目标：${target2}-目标策略：${name2}-子目标：${sub_target2}，查看操作栏按钮
3. 下线绑定经营目标${target2}的经营分析，再次查看${target2}-目标策略：${name2}-子目标：${sub_target2}操作栏按钮","1. 【设置子目标策略】按钮可点击
2. 【设置子目标策略】按钮置灰，不可点击
3. 【设置子目标策略】按钮可点击","2","功能测试"
"167953","验证子目标-删除按钮操作","指标开发-经营目标管理","经营目标管理：支持定义目标/目标策略/子目标/子目标策略","1、当前登录账号有「经营管理」-「经营目标管理」的全部权限；
2、当前项目对接的计算组件为sr；
3、当前项目下已创建经营目标：${target1}-目标策略：${name1}-子目标：${sub_target1}，该经营目标未被「经营分析」记录绑定；
4、当前项目下已创建经营目标：${target2}-目标策略：${name2}-子目标：${sub_target2}，该经营目标被已发布状态「经营分析」记录绑定；
5、当前项目下存在用户：user_01，所属用户组：group_01；
6、当前项目下存在已发布的指标：${index_01}（非原子指标），未设置目标值；","1. 进入经营管理-经营目标管理页面，选择该经营目标${target1}-目标策略：${name1}-子目标：${sub_target1}，查看操作栏按钮
2. 选择经营目标：${target2}-目标策略：${name2}-子目标：${sub_target2}，查看操作栏按钮
3. 删除绑定经营目标${target2}的经营分析，再次查看${target2}-目标策略：${name2}-子目标：${sub_target2}操作栏按钮","1. 【删除】按钮可点击
2. 【删除】按钮置灰，不可点击
3. 【删除】按钮可点击","2","功能测试"
"167952","验证删除未被经营分析记录引用的经营目标下的子目标功能","指标开发-经营目标管理","经营目标管理：支持定义目标/目标策略/子目标/子目标策略","1、当前登录账号有「经营管理」-「经营目标管理」的全部权限；
2、当前项目对接的计算组件为sr；
3、当前项目下已创建经营目标：${target1}-目标策略：${name1}-子目标：${sub_target1}，该经营目标未被「经营分析」记录绑定；
4、当前项目下已创建经营目标：${target2}-目标策略：${name2}-子目标：${sub_target2}，该经营目标被已发布状态「经营分析」记录绑定；
5、当前项目下存在用户：user_01，所属用户组：group_01；
6、当前项目下存在已发布的指标：${index_01}（非原子指标），未设置目标值；","1. 进入经营管理-经营目标管理页面，选择${target1}-目标策略：${name1}-子目标：${sub_target1}，点击删除
2. 点击删除","1. 二次弹窗确认：确认删除子目标“$子目标名称$”吗？
删除后，该子目标下所有配置管理信息将同步删除，该操作不可恢复，请谨慎操作！
2. 子目标删除成功，列表数据更新","2","功能测试"
"167951","验证删除被经营分析记录引用的经营目标下的子目标功能","指标开发-经营目标管理","经营目标管理：支持定义目标/目标策略/子目标/子目标策略","1、当前登录账号有「经营管理」-「经营目标管理」的全部权限；
2、当前项目对接的计算组件为sr；
3、创建经营目标：${target}-目标策略：${name}-子目标：${sub_target}-子目标策略：${sub_name}，该经营目标被经营分析记录引用。","1. 进入经营管理-经营目标管理页面，选择经营目标：${target}-目标策略：${name}-子目标：${sub_target}，点击删除
2. 删除引用该经营目标的经营分析记录，再次查看该子目标
3. 点击删除按钮","1. 按钮置灰
2. 支持删除
3. 子目标及其子目标策略删除成功，列表数据更新","1","功能测试"
"167950","验证删除被经营过程引用的子目标","指标开发-经营目标管理","经营目标管理：支持定义目标/目标策略/子目标/子目标策略","1、当前登录账号有「经营管理」-「经营目标管理」的全部权限；
2、当前项目对接的计算组件为sr；
3、创建经营目标：${target}-目标策略：${name}-子目标：${sub_target}-子目标策略：${sub_name}，该经营目标：${target}被经营过程引用。","1. 进入经营管理-经营目标管理页面，选中某个被经营过程绑定的子目标，点击删除
2. 点击删除按钮
3. 查看经营过程-经营目标影响范围信息","1. 支持删除
2. 子目标删除成功，列表数据更新
3. 展示已删除的子目标id，编辑提示异常","2","功能测试"
"167949","验证设置子目标策略参数输入框UI交互","指标开发-经营目标管理","经营目标管理：支持定义目标/目标策略/子目标/子目标策略","1、当前登录账号有「经营管理」-「经营目标管理」的全部权限；
2、当前项目对接的计算组件为sr；
3、当前项目下已创建经营目标：${target1}-目标策略：${name1}-子目标：${sub_target1}，该经营目标未被「经营分析」记录绑定；","1. 进入经营管理-经营目标管理页面，选择该经营目标${target1}-目标策略：${name1}-子目标：${sub_target1}，点击操作栏设置子目标策略按钮
2. 点击新增子目标策略，选择导入策略，导入方式按分类导入，查看经营策略分类值域
3. 选择某个经营策略分类
4. 导入经营策略分类下的经营策略成功后，点击Tab栏+按钮
5. 选择导入方式-直接导入，查看经营策略值域
6. 选中已定义的某个经营策略
7. 点击Tab栏+按钮
8. 选择新增策略
9. 经营策略名称为空
10. 经营策略名称长度超过64个字符
11. 输入项目内已存在的经策略名标名称
12. 经营策略分类为空
13. 查看经营策略分类值域
14. 经营策略描述长度超过500个字符
15. 输入经营策略名称，选择经营策略分类，点击确定
16. 点击子目标策略旁“X”按钮
17. 子目标策略存在必填项未填充，切换到另一子目标策略Tab
18. 当前子目标下存在20个子目标策略，点击“+”
19. 负责人
20. 负责人为空
21. 负责用户组
22. 经营过程追踪衡量指标来源模版为空
23. 查看经营过程追踪衡量指标来源模版值域
24. 点击新增模板
25. 新增模板后，返回当前页面，点击刷新","1. 进入设置子目标策略页面，面包屑：经营目标管理>设置子目标策略
经营目标名称回显：${target1}，不可编辑；目标策略名称回显：${name1}，不可编辑；经营子目标名称回显：${sub_target1}，不可编辑
2. 列表范围：经营策略管理中定义的经营策略中尚未引入的策略
3. 将该分类下的所有经营策略批量追加到左侧tab栏作为子目标下新增的多个子目标策略（已经引入过的不做二次引入）；最多支持添加20个，达到20个按钮置灰不可点击，hover提示文案：最多支持设置20个子目标策略
不足20个时候，批量引入也只引入到第20个，按更新时间降序依此引入，引入到20个为止
4. 弹窗展示新增子目标策略
5. 必填，单选，默认为空，支持模糊搜索
6. 追加到左侧tab栏作为子目标下的子目标策略之一
7. 弹窗展示新增子目标策略
8. 展示：经营策略名称（必填，默认为空，placeholder文案：请输入经营策略名称），经营策略分类（必填，默认为空，placeholder文案：请选择经营策略分类），经营策略描述（选填，placeholder文案：请输入描述信息，长度限制在500个字符以为）
9. 前端提示：请输入经营策略名称
10. 前端提示：限制输入64字符
11. 前端提示：经营策略名称重复（项目唯一）
12. 前端提示：请选择经营策略分类
13. 多选框，最多可选10个分类，超过的置灰不可选
列表范围：经营策略管理中定义的经营策略分类列表
14. 前端提示：限制输入500字符
15. 新增追加到左侧tab栏作为子目标下的子目标策略之一，
经营策略管理列表页面统计数+1
16. 删除当前子目标策略
17. 切换失败，页面展示正确的错误提示
18. hover提示文案：最多支持设置20个子目标策略
19. 默认填充创建人（即当前登录账号）
20. 提示：请选择负责人
21. 默认填充负责人所在用户组，支持为空
22. 支持模糊搜索，支持新增模板及刷新，页面提示：请选择经营过程追踪衡量指标来源模版
23. 列表范围：自助取数-取数模版
24. 以新窗口跳转至指标应用-自助取数-数据查询页面进行模版定义
25. 展示新增的取数模板列表","3","功能测试"
"167948","验证策略归因信息定义参数UI交互","指标开发-经营目标管理","经营目标管理：支持定义目标/目标策略/子目标/子目标策略","1、当前登录账号有「经营管理」-「经营目标管理」的全部权限；
2、当前项目对接的计算组件为sr；
3、当前项目下已创建经营目标：${target1}-目标策略：${name1}-子目标：${sub_target1}，该经营目标未被「经营分析」记录绑定；
4、存在自助取数-取数模板：${data_query}(${index_01}、${index_02}，公共维度：用户/用户ID，用户/用户姓名，用户/用户账号)；
5、存在事件：${name}，${catalog}${schema}${table}，${col1}选择事件主体，关联维度：用户/用户ID；${col2}选择经营过程主体
6、存在经营策略：${strategy}","1. 进入经营管理-经营目标管理页面，选择该经营目标${target1}-目标策略：${name1}-子目标：${sub_target1}，点击操作栏设置子目标策略按钮
2. 设置子目标策略-经营策略${strategy}，选择经营过程追踪衡量指标来源模版：${data_query}
3. 查看转化事件字段
4. 查看列表范围
5. 选择事件：${name}
6. 点击编辑
7. 查看经营过程归因方式
8. 编辑事件，${col2}取消选中经营过程主体，保存后，再次查看经营过程归因方式
9. 选择事件间接归因
10. 选择首次归因/末次归因/线性归因
11. 查看归因算法
12. 查看新增归因事件
13. 查看新增转化事件","1. 进入设置子目标策略页面
2. 选项范围：直接归因、事件间接归因
直接归因可选条件：转化事件定义了经营过程主体字段
选择事件间接归因的，需要指定间接归因事件、关联属性
3. 为空提示：请选择转化事件
4. 展示：${name}
5. 转化事件限定条件支持编辑，支持删除
6. 进入筛选条件配置弹窗页面，选项范围：选择的转化事件中的表字段，即${catalog}${schema}${table}表字段
显示格式：$事件管理中的字段描述$($字段名称$)（编辑事件-字段属性-字段描述信息后，筛选条件中显示格式同步更新）
7. 选项范围：直接归因、事件间接归因、首次归因、末次归因、线性归因，
单选，必选，默认为空
8. 选项范围不展示直接归因，（展示条件：转化事件定义了经营过程主体字段）
9. 展示归因事件选择框、关联属性，归因事件选项范围：定义了经营过程主体字段的事件，单选，必选，默认为空，支持模糊搜索，关联属性分别选择两个表的表字段（显示样式）
为空提示词：请选择归因事件
关联属性提示词分别为：请选择转化事件字段、请选择归因事件字段
10. 展示归因事件选择框、归因算法、筛选条件（筛选条件选填，用于框定归因事件中的部分记录进行归因）
11. 1. 单选，必选，默认为空，提示词：请选择归因算法
12. 一个转化事件需要定义1-10个归因事件（达到10个的，按钮不可点击）
为空提示：请设置归因事件
13. 一个子目标策略可定义1-10个转化事件（达到10个的，按钮不可点击）
为空提示：请设置转化事件","1","功能测试"
"167947","验证编辑被子目标策略绑定的事件名称","指标开发-经营目标管理","经营目标管理：支持定义目标/目标策略/子目标/子目标策略","无","1. 进入经营管理-经营目标管理页面
2. 事件管理页面，选择被子目标策略绑定的事件，点击编辑按钮
3. 修改事件名称，点击确定
4. 查看绑定该事件的子目标策略","1. 成功进入经营管理-经营目标管理页面，页面内容正常加载显示，无报错
2. 进入事件管理>编辑事件页面
3. 事件编辑成功，系统给出成功反馈，相关页面/数据状态更新为最新
4. 该子目标策略引用的事件展示编辑后的事件名称","2","功能测试"
"167946","验证编辑被子目标策略绑定的事件主体","指标开发-经营目标管理","经营目标管理：支持定义目标/目标策略/子目标/子目标策略","无","1. 进入经营管理-经营目标管理页面
2. 事件管理页面，选择被子目标策略绑定的事件，点击编辑按钮
3. 取消勾选事件主体（绑定该事件的子目标策略-经营策略-衡量指标的维度交集中包含事件主体绑定的维度事件），点击确定
4. 查看绑定该事件的子目标策略-引用该事件的经营策略详情","1. 成功进入经营管理-经营目标管理页面，页面内容正常加载显示，无报错
2. 进入事件管理>编辑事件页面
3. 事件编辑成功，系统给出成功反馈，相关页面/数据状态更新为最新
4. 转化事件为空（展示最新）","2","功能测试"
"167945","验证删除被子目标策略绑定的事件","指标开发-经营目标管理","经营目标管理：支持定义目标/目标策略/子目标/子目标策略","无","1. 进入经营管理-经营目标管理页面
2. 事件管理页面，选择被子目标策略绑定的事件，查看操作栏按钮
3. 删除绑定该事件的子目标策略（或直接删除子目标），再次查看该子目标策略引用的事件
4. 点击删除","1. 成功进入经营管理-经营目标管理页面，页面内容正常加载显示，无报错
2. 置灰不可删除
3. 支持删除
4. 删除事件成功，系统给出成功反馈，相关页面/数据状态更新为最新","2","功能测试"
"167944","验证编辑被子目标引用的经营策略功能","指标开发-经营目标管理","经营目标管理：支持定义目标/目标策略/子目标/子目标策略","无","1. 进入经营管理-经营目标管理页面
2. 经营策略管理页面，选择被子目标策略引用的经营策略，点击编辑
3. 修改经营策略名称，点击确定
4. 查看引用该经营策略的子目标策略信息
5. 进入设置子目标策略页面","1. 成功进入经营管理-经营目标管理页面，页面内容正常加载显示，无报错
2. 进入编辑经营策略弹窗页面
3. 编辑经营策略成功，系统给出成功反馈，相关页面/数据状态更新为最新
4. 子目标策略名称展示编辑后的经营策略名称
5. 子目标策略名称展示编辑后的经营策略名称","2","功能测试"
"167943","验证删除被子目标策略引用的经营策略","指标开发-经营目标管理","经营目标管理：支持定义目标/目标策略/子目标/子目标策略","无","1. 进入经营管理-经营目标管理页面
2. 经营策略管理页面，选择被子目标策略引用的经营策略，查看操作栏按钮
3. 删除引用该经营策略的子目标，再次查看该子目标引用的经营策略
4. 点击删除","1. 成功进入经营管理-经营目标管理页面，页面内容正常加载显示，无报错
2. 置灰不可删除
3. 支持删除
4. 删除经营策略成功，系统给出成功反馈，相关页面/数据状态更新为最新","2","功能测试"
"167942","验证子目标策略详情","指标开发-经营目标管理","经营目标管理：支持定义目标/目标策略/子目标/子目标策略","1、当前登录账号有「经营管理」-「经营目标管理」的全部权限；
2、当前项目对接的计算组件为sr；
3、当前项目下已创建经营目标：${target1}-目标策略：${name1}-子目标：${sub_target1}-子目标策略：${sub_name}","1. 进入经营管理-经营目标管理页面，选择${target1}-目标策略：${name1}-子目标：${sub_target1}-子目标策略：${sub_name}，点击子目标策略名称
2. 查看子目录策略详情","1. 进入子目标策略详情页面
2. 展示：$子目标策略名称$，基本信息（包括：子目标策略名称、经营过程追踪衡量指标来源模版、负责人、负责用户组、最近更新人、最近更新事件）、策略归因信息定义（转化事件、转化事件限定条件、经营过程归因方式），信息展示正确","2","功能测试"
"167941","验证删除被子目标策略引用的取数模板","指标开发-经营目标管理","经营目标管理：支持定义目标/目标策略/子目标/子目标策略","无","1. 进入经营管理-经营目标管理页面
2. 不支持删除","1. 成功进入经营管理-经营目标管理页面，页面内容正常加载显示，无报错
2. ","1","功能测试"
"167940","验证编辑被子目标策略引用的取数模板","指标开发-经营目标管理","经营目标管理：支持定义目标/目标策略/子目标/子目标策略","无","1. 进入经营管理-经营目标管理页面
2. 未更新子目标策略","1. 成功进入经营管理-经营目标管理页面，页面内容正常加载显示，无报错
2. 经营目标分析数据依旧按照编辑后的模板进行取数（取最新）","2","功能测试"
